<?xml version="1.0" encoding="UTF-8"?>
<project xmlns="http://maven.apache.org/POM/4.0.0" xmlns:xsi="http://www.w3.org/2001/XMLSchema-instance"
	xsi:schemaLocation="http://maven.apache.org/POM/4.0.0 http://maven.apache.org/maven-v4_0_0.xsd">
	<modelVersion>4.0.0</modelVersion>
	<groupId>testgroup</groupId>
	<artifactId>testartifact</artifactId>
	<name>testartifact</name>
	<version>0.0.1-SNAPSHOT</version>
	<url>http://maven.apache.org</url>
	<build>
		<plugins>
			<plugin>
				<artifactId>maven-shade-plugin</artifactId>
				<version>2.3</version>
				<executions>
					<execution>
						<phase>package</phase>
						<goals>
							<goal>shade</goal>
						</goals>
						<configuration>
							<transformers>
								<transformer />
								<transformer>
									<mainClass>com.example.helloworld.HelloWorldApplication</mainClass>
								</transformer>
							</transformers>
						</configuration>
					</execution>
				</executions>
				<configuration>
					<createDependencyReducedPom>true</createDependencyReducedPom>
					<filters>
						<filter>
							<artifact>*:*</artifact>
							<excludes>
								<exclude>META-INF/*.SF</exclude>
								<exclude>META-INF/*.DSA</exclude>
								<exclude>META-INF/*.RSA</exclude>
							</excludes>
						</filter>
					</filters>
				</configuration>
			</plugin>
			<plugin>
				<artifactId>maven-jar-plugin</artifactId>
				<version>2.4</version>
				<configuration>
					<archive>
						<manifest>
							<addDefaultImplementationEntries>true</addDefaultImplementationEntries>
						</manifest>
					</archive>
				</configuration>
			</plugin>
		</plugins>
	</build>
	<dependencies>
		<dependency>
			<groupId>junit</groupId>
			<artifactId>junit</artifactId>
			<version>3.8.1</version>
			<scope>test</scope>
		</dependency>
	</dependencies>
	<properties>
		<project.build.sourceEncoding>UTF-8</project.build.sourceEncoding>
	</properties>
</project>

