,,,,,,,,,,,,,,,,,,,,,,,,,,,,,,,,,,,,,,,,,,,,,,,,,,,,,,,,,,,,,,,,,,,,,,,,,,,,,,
user_id:ID(Profiles), public:STRING, completion_percentage:STRING, gender:STRING, region:STRING, last_login:STRING, registration:STRING, AGE:STRING, body:STRING, I_am_working_in_field:STRING, spoken_languages:STRING, hobbies:STRING, I_most_enjoy_good_food:STRING, pets:STRING, body_type:STRING, my_eyesight:STRING, eye_color:STRING, hair_color:STRING, hair_type:STRING, completed_level_of_education:STRING, favourite_color:STRING, relation_to_smoking:STRING, relation_to_alcohol:STRING, sign_in_zodiac:STRING, on_pokec_i_am_looking_for:STRING, love_is_for_me:STRING, relation_to_casual_sex:STRING, my_partner_should_be:STRING, marital_status:STRING, children:STRING, relation_to_children:STRING, I_like_movies:STRING, I_like_watching_movie:STRING, I_like_music:STRING, I_mostly_like_listening_to_music:STRING, the_idea_of_good_evening:STRING, I_like_specialties_from_kitchen:STRING, fun:STRING, I_am_going_to_concerts:STRING, my_active_sports:STRING, my_passive_sports:STRING,profession:STRING, I_like_books:STRING, life_style:STRING, music:STRING, cars:STRING, politics:STRING, relationships:STRING, art_culture:STRING, hobbies_interests:STRING, science_technologies:STRING, computers_internet:STRING, education:STRING, sport:STRING, movies:STRING, travelling:STRING, health:STRING, companies_brands:STRING, more:STRING,tree:STRING,state:STRING,bins:STRING,book:STRING,song:STRING,calci:STRING,day:STRING,temp1:STRING,temp2:STRING,temp3:STRING,temp4:STRING,temp5:STRING,temp6:STRING,temp7:STRING,temp8:STRING,temp9:STRING,temp10:STRING,temp11:STRING,temp12:STRING,temp13:STRING
1,1,1,14,1,"zilinsky kraj, zilina",2012-05-25 11:20:00.0,2005-04-03 00:00:00.0,26,"185 cm, 90 kg",it,anglicky,"sportovanie, spanie, kino, jedlo, pocuvanie hudby, priatelia, divadlo",v dobrej restauracii,mam psa,null,null,null,null,null,null,null,null,null,null,null,null,null,null,null,null,null,null,null,null,null,null,null,null,null,null,null,null,null,null,null,null,null,null,null,null,null,null,null,null,null,null,null,null,null,,,,,,,,,,,,,,,,,,,
2,2,1,62,0,"zilinsky kraj, kysucke nove mesto",2012-05-25 23:08:00.0,2007-11-30 00:00:00.0,0,"166 cm, 58 kg",null,nemecky,"turistika, prace okolo domu, praca s pc, pocuvanie hudby, pozeranie filmov, tancovanie, diskoteky, kupalisko, varenie, party, priatelia, spanie, nakupovanie, stanovanie",pri svieckach s partnerom,macka,priemerna,vyborny,zelene,cierne,dlhe,"zakladne, ale som uz na strednej skole dufam ze ju spravim","cierna, modra, ruzova",nefajcim,"pijem prilezitostne, iba ked sa nieco kona a to napr. na zabave,na chate,na stanovackach a pod.",byk,"dobreho priatela, priatelku, mozno aj viac","nie je nic lepsie, ako byt zamilovany(a)",iba s mojou laskou,laskou mojho zivota,slobodny(a),no budu a tak chcem 2 deti staci a tak ked budeme vladat tak bude aj viac co ja viem co ma v zivote postretne:d,v buducnosti chcem mat deti,"komedie, romanticke",doma z gauca,"disko, pop, rap a jasn eto co teraz leti najviac nejlepsie je fun-radio","na diskoteke, pri chodzi",pri svieckach s partnerom,slovenskej,"<div> <a title=""vstup do klubu"" href=""/klub/profesionali"">profesiona&shy;li</a> </div>",null,null,null,null,null,null,null,null,null,null,null,null,null,null,null,null,null,null,null,null,null,,,,,,,,,,,,,,,,,,,
3,16,1,64,1,"zilinsky kraj, kysucke nove mesto",2012-05-25 23:19:40.0,2008-05-18 00:00:00.0,23,"173 cm, 70 kg",najvatcsej firme na svete urad prace,no predsa svoj :d a najlepsie druhy,"cestovanie, pocuvanie hudby, nenudit sa",v dobrej restauracii,ja a nas prefikany alik :),nemozem pribrat nedasa smola som moc aktivny,to co by som mal nosit tak nenosim asi tak,hnede,hnede hnede,null,coskoro 24.5 alebo 31.9    :d,"biela, modra, zelena",nemam,pijem iba ked musim ...svadby.pohreby.krstiny a tak,lev,null,oplati sa pre nu bojovat,ja uz som stary na take veci :),ked ho stretnem tak vam o nom porozpravam :),slobodny(a),casom ak budem este vladat :d,null,take co ma uputaju,v kine s ludmy ktory mam rad,hoci co co zapasuje ale klasa vede atb samozrejme najnovsie co sa hrava vrebrickoch hytparad :xd,samozrejme sam kazdy ma iny vkus neda sa vsetkym vyhoviet,null,ak sa to da ziet tak setko,null,nie,"lyzovanie, plavanie",non kanal,bit lepsi ako druhy,uz ich moc nectem,null,null,null,null,null,null,null,null,null,null,null,null,null,null,null,null,,,,,,,,,,,,,,,,,,,
4,3,0,38,1,"bratislavsky kraj, bratislava - karlova ves",2012-05-10 18:05:00.0,2010-05-23 00:00:00.0,29,null,"reklamy a medii, sluzieb a obchodu","anglicky, nemecky","sportovanie, cestovanie",null,null,null,null,zelene,hnede,null,null,"cierna, modra",null,null,null,"dobreho priatela, priatelku, niekoho na chatovanie",null,null,null,slobodny(a),null,null,"akcne, horory, komedie, sci-fi, dokumentarne, historicke",null,"rock, metal, house, techno, pop, oldies, jazz","v aute, v praci, na koncerte, s partnerom",null,"slovenskej, talianskej, japonskej",null,pravidelne,"hokej, futbal, auto-moto sporty, squash","auto-moto sporty, futbal, hokej",null,null,null,null,null,null,null,null,null,null,null,null,null,null,null,null,null,null,,,,,,,,,,,,,,,,,,,
5,4,1,12,0,"banskobystricky kraj, brezno",2011-12-29 12:25:00.0,2011-12-29 00:00:00.0,26,null,null,null,null,null,null,null,null,null,null,null,null,null,null,null,null,null,null,null,null,null,null,null,null,null,null,null,null,null,null,null,null,null,null,null,null,null,null,null,null,null,null,null,null,null,null,null,null,null,null,null,,,,,,,,,,,,,,,,,,,
6,17,1,47,0,"zilinsky kraj, martin",2012-05-25 09:40:00.0,2006-10-21 00:00:00.0,27,"162 cm, 60 kg",null,"anglicky, nemecky","citanie, pocuvanie hudby, pozeranie filmov, spanie, nakupovanie",null,pes,priemerna,null,zelene,"blond, odfarbene",dlhe,vysokoskolske,"biela, cierna, modra, fialova",nefajcim,pijem prilezitostne,rak,null,"nie je nic lepsie, ako byt zamilovany(a), hladat lasku?nezmysel...hovori rozum. smiesne...hovori hrdost. riskantne...brani skusenost. \&quot;ale samota ta zabija\&quot; sepka srdce!",nedokazem mat s niekym sex bez lasky,null,vydata za najuzasnejsieho cloveka pod slnkom,null,v buducnosti chcem mat deti,null,null,null,null,null,null,null,null,"aerobik, kolieskove korcule, plavanie, posilnovanie",null,zivnostnik,null,"<div> <a title=""vstup do klubu"" href=""/klub/magazin-pre-mamicky-najmama-sk"">magazin pre mamicky najmama.sk</a> </div>",null,null,null,null,null,null,null,null,null,null,null,null,null,null,null,,,,,,,,,,,,,,,,,,,
7,5,1,66,1,"zilinsky kraj, zilina",2012-05-25 01:10:00.0,2006-05-29 00:00:00.0,26,null,som nezamestnany,"anglicky, nemecky, pascal","sportovanie, prace v zahrade, pc hry, pocuvanie hudby, pozeranie filmov, no dal som si nieco navyse aby ste si nemysleli ze cely cas travim pred pocitacom",v dobrej restauracii,"nemam ziadne, nemam rad zvierata zo vseobecnosti nikdy neviem kedy ktore na mna skoci zo zadu",vysportovana,ze vraj pridavaju na inteligencii...no neviem:),"zelene, a trocha hnedej k tomu","hnede, kedysi som ol blondak ale uz sa za to nehanbim!!:)",kratke,"bakalarske, ale este ne som nadumany:)","hneda, modra, zelena",nefajcim,pozitivny,"byk, ale byk na mna nejako nesedi tak neviem kde sa stala chyba..","dobreho priatela, priatelku, niekoho na chatovanie","v laske som sa sklamal(a), preto som velmi opatrny(a)",null,"mojou chybajucou polovickou, vydrzat moj spev",slobodny(a),null,null,"horory, komedie, romanticke, serialy, zahadne, mysteriozne, fantasy, pozriem hocico ale co je moc je moc",v kine,"rock, sladaky, alternativa, povedal by som stredny prud",ked ide o kvalitnu hudbu je jedno kde a kedy,"ist do kina alebo divadla, ist na koncert, s kamaratmi do baru, pocuvat dobru hudbu, pc hry","slovenskej, talianskej",null,hlavne vytancit a vyspievat,"posilnovanie, informatik a posilka..jak som sa k tomu dostal?:p",ja vacsinou na telku nemam cas a na pozeranie sportu uz vobec nemam cas,skola mi bohate staci,je level kniha???,null,"<div> <a title=""vstup do klubu"" href=""/klub/muse"">muse</a> </div>",null,null,null,null,null,null,null,null,null,null,null,null,null,null,,,,,,,,,,,,,,,,,,,
8,18,1,31,1,"zilinsky kraj, kysucke nove mesto",2012-05-02 21:19:00.0,2007-12-13 00:00:00.0,18,null,null,anglicky,null,null,null,null,null,modre,cervene,na jezka,null,null,uz nefajcim:)))),pijem prilezitostne,lev,null,null,null,null,null,null,null,"historicke, sci-fi, zahadne, mysteriozne, komedie, akcne, vojnove",doma z gauca,to co sa mi paci pocuvam:)),vsade,null,null,null,null,null,null,null,null,null,null,null,null,null,null,null,null,null,null,null,null,null,null,null,null,,,,,,,,,,,,,,,,,,,
9,31,1,62,1,"zilinsky kraj, kysucke nove mesto",2012-02-18 13:20:00.0,2007-01-01 00:00:00.0,24,"170 cm, 75 kg",null,"nemecky, slovensky,cesky,ale najlepsie svoj","sportovanie, turistika, prace okolo domu, praca s pc, varenie, priatelia, spanie, sex, stanovanie, .............",null,"pes, tinku",diky vyhovuje mi,niekedy vidim aj to co oci nevidia,hnedozelena,ako kedy,null,stredoskolske,"biela, cierna, modra",rad by som prestal,sem tam si taky dam,"strelec, taky trosku streleny",necham sa prekvapit,"krasny cit,len skoda ze je jej tak malo a vacsinou sa to na lasku iba podoba.existuje vlastne ozajstna?",vela robia okolnosti,partnerka by mala byt niekym na koho nemozem prestat mysliet a nemozem bez nej vydrzat,"slobodny,aj bezdetny dufam hehe",null,"mam velmi rad deti,ale myslim ze na vlastne mam ja este cas",ktore ma dokazu pobavit alebo zaujat,null,"hudba ma musi zaujat,dokazem pocuvat skoro vsetko",v aute alebo pri praci,prezit prijemny vecer s prijemnou spolocnostou,starych rodicov,null,ee,"behanie, kolieskove korcule, plavanie, hraval som aktivne futbal","auto-moto sporty, bojove sporty, futbal, hokej",null,"naposledy som cital slabikar,knihy ma nebavi citat","<div> <a title=""vstup do klubu"" href=""/klub/docerta-aj-s-dedem-ajeho-reklamou"">docerta aj s dedem!!!!a&shy;jeho reklamou</a> </div>",null,null,null,null,null,null,null,null,null,null,null,null,null,null,null,,,,,,,,,,,,,,,,,,,
10,19,1,64,1,"zilinsky kraj, kysucke nove mesto",2012-05-25 19:34:00.0,2007-03-23 00:00:00.0,21,"0.19 cm, 88 kg",sexualnej,no proste ten vlasny,"sportovanie, cestovanie, turistika, pozeranie filmov, diskoteky, kino, party, priatelia, spanie, sex, stanovanie","v posteli, s niekym koho mam velmi rad",mam toho ako doroka dni ,null,no proste moje oci vydia iba to co potrebuju,hnede,hnede,kratke,zakladne,"oranzova, ruzova, zlta",no nefajcim a proste sa mi to moc nepaci ani!!!! ,null,vodnar,"dobreho priatela, priatelku","nie je nic lepsie, ako byt zamilovany(a)",nedokazem mat s niekym sex bez lasky,"laskou mojho zivota, moj vecer si predstavujem s milovanou osobou osamote doma",slobodny(a),null,no proste tolko ako je hracov na ihrisku ,"akcne, horory, komedie, sci-fi, vojnove",u priatelky na byte ,"disko, house, techno","na posteli, s partnerom, pri sexe",jaj no proste s tym clovekom ktoreho milujem a on mna no ,slovenskej,null,na disko,"futbal, hokej, a dvyhanie poldecakov","auto-moto sporty, futbal, hokej, lyzovanie",null,do knych sa moc necumim ,null,null,null,null,null,null,null,null,null,null,null,null,null,null,null,null,,,,,,,,,,,,,,,,,,,
11,6,0,22,0,"zilinsky kraj, zilina",2012-05-25 20:40:00.0,2007-12-15 00:00:00.0,38,"160 cm, 57 kg",null,null,null,null,mam psika:),null,null,null,null,null,null,null,null,null,null,prijemny pokec s priatelmi:),ach jaj:),null,null,rozvedeny(a),dve....zatial:),null,null,null,null,null,null,null,null,null,null,null,null,null,null,null,null,null,null,null,null,null,null,null,null,null,null,null,null,null,,,,,,,,,,,,,,,,,,,
12,32,1,72,1,"zilinsky kraj, kysucke nove mesto",2012-05-13 22:52:00.0,2008-10-21 00:00:00.0,21,"185 cm, 73 kg, hadam aj dobra....",ina kysuce forever....induktory a tak... :) :) :),anglicky a slovensky.....,"sex, priatelia, diskoteky, pocuvanie hudby, pozeranie filmov, tancovanie, kupalisko, stanovanie, party","kazdy kto ma pozna vie ze mi je uplne jedno kde sa najem, hlavne ze je co zjest...","mam psa, mam macku, a mam este vtacika, vsak viete akeho....","priemerna,asi tak 103 kg....akurat...:d",vyborny,hnede.......,hnede.....na kohutika... :) :) :),"rovne,hlavne rano:d",stredoskolske...mechanik elektrotechnik....bacha na mna,"cervena, modra, zelena a oranzovo cierne auto...",ako kedy a ako komu... :) :) :) :),"nepijem,vzdy ma k tomu prinutia a kedze som malucky a slabucky tak sa nemozem branit... :d:d:d:d",vodnar,uz som nasiel....... :),"nie je nic lepsie, ako byt zamilovany(a)",to skutocne zalezi len na okolnostiach,"moj partner by nemal byt, moj partner uz je...","mam vazny vztah,este vaznejzi ako vazny...","nemam, ale zevraj v aprili cosi bude....tak treba chodit do polska na plienky... :)",no hadam cosi pride.....,"akcne, horory, komedie, serialy, dokumentarne, sci-fi, eroticke, vsetky filmy kde su pekne baby....","doma z gauca, u priatela, priatelky, a hlavne v krcme, tam viem iba zaciatok...to mi staci...","disko, hitparadovky, house, techno, rap, soundtrackyy... no bass no fun......make some noise....to su veci...:) :)","vo vani, ale pod vodou, lepsi zvuk a vacsie napatie",sadnut vecer do auta...zapnut jensena(pre tych co nevedia tak subwoofer) pustit neakeho 50centa a go to  stranske....,mamickinej a uz aj z milacikovej....:d,null,si robim koncerty doma... tuc tuc blik blik,"auto-moto sporty, basketbal, kolieskove korcule, korculovanie","auto-moto sporty, bojove sporty, snowboarding",konstrukter,ktore nemusim citat....,null,null,"<div> <a title=""vstup do klubu"" href=""/klub/milujem-rychlu-jazdu-a-pocit-slobody"">© milujem rychlu jazdu ,a pocit slobody...</a> </div>",null,null,null,null,null,null,null,null,null,null,null,null,null,,,,,,,,,,,,,,,,,,,
13,20,0,12,0,"zilinsky kraj, kysucke nove mesto",2012-05-22 12:59:00.0,2008-07-27 00:00:00.0,20,null,null,null,null,null,null,null,null,null,null,null,null,null,null,null,null,null,null,null,null,null,null,null,null,null,null,null,null,null,null,null,null,null,null,null,null,null,null,null,null,null,null,null,null,null,null,null,null,null,null,null,,,,,,,,,,,,,,,,,,,
14,7,1,12,0,"zilinsky kraj, martin",2012-02-03 15:36:00.0,2004-09-10 00:00:00.0,22,null,null,null,null,null,null,null,null,null,null,null,null,null,null,null,null,null,null,null,null,null,null,null,null,null,null,null,null,null,null,null,null,null,null,null,null,null,null,null,null,null,null,null,null,null,null,null,null,null,null,null,,,,,,,,,,,,,,,,,,,
15,8,0,12,1,"trenciansky kraj, ilava",2012-04-15 11:52:00.0,2003-11-26 00:00:00.0,26,null,null,null,null,null,null,null,null,null,null,null,null,null,null,null,null,null,null,null,null,null,null,null,null,null,null,null,null,null,null,null,null,null,null,null,null,null,null,null,null,null,null,null,null,null,null,null,null,null,null,null,,,,,,,,,,,,,,,,,,,
16,33,0,69,1,"zilinsky kraj, kysucke nove mesto",2012-05-13 11:22:00.0,2008-01-02 00:00:00.0,22,"174 cm, 60 kg",strojarenstva a energetiky,nemecky,no uz len praca .-)))),"pri telke, v posteli",mam psa,vysportovana,vyborny,zelene,hnede,null,stredoskolske,"biela, modra, cierna, zlta",fajcim prilezitostne hhhhhhhhhh,pijem prilezitostne,ryby,udrzujem vztahy s priatelmi,v laske vidim zmysel zivota,null,mojou chybajucou polovickou,slobodny&quot;,null,v buducnosti chcem mat deti,"akcne, horory, sci-fi, vojnove, historicke","doma z gauca, u priatela, priatelky","rock, metal, janda landa","na posteli, s partnerom, pri chodzi, v aute, v praci","ist na koncert, s kamaratmi do baru","slovenskej, francuzskej, indickej, mexickej",null,zriedkavo,"futbal, hokej, lyzovanie, pingpong","bojove sporty, futbal, hokej, pingpong, tenis",operator,null,"<div> <a title=""vstup do klubu"" href=""/klub/ked-nas-tu-bude-5-416-958-ludi-budeme-tu-vsetci-slovaci"">ked nas tu bude 5 416 958 ludi budeme tu vsetci slovaci =)</a> &bull;  <a title=""vstup do klubu"" href=""/klub/docerta-aj-s-dedem-ajeho-reklamou"">docerta aj s dedem!!!!a&shy;jeho reklamou</a> </div>",null,null,"<div> <a title=""vstup do klubu"" href=""/klub/slovensko-si-nedame"">slovensko si nedame !!!!!!</a> </div>","<div> <a title=""vstup do klubu"" href=""/klub/spomienky-bolia"">*spomienky  bolia*</a> </div>",null,null,null,null,null,null,null,null,null,null,null,,,,,,,,,,,,,,,,,,,
17,9,0,12,0,"banskobystricky kraj, brezno",2012-03-03 16:57:00.0,2005-11-30 00:00:00.0,0,null,null,null,null,null,null,null,null,null,null,null,null,null,null,null,null,null,null,null,null,null,null,null,null,null,null,null,null,null,null,null,null,null,null,null,null,null,null,null,null,null,null,null,null,null,null,null,null,null,null,null,,,,,,,,,,,,,,,,,,,
18,46,0,69,0,"zilinsky kraj, kysucke nove mesto",2011-10-29 03:17:00.0,2008-03-17 00:00:00.0,21,"170 cm, 50 kg","sluzieb a obchodu, kadernictvo","nemecky, francuzsky :)","fotografovanie, cestovanie, surfovanie po webe, citanie, pocuvanie hudby, pozeranie filmov, tancovanie, diskoteky, kupalisko, jedlo, kino, party, priatelia, spanie, nakupovanie, sex, stanovanie","pri telke, v dobrej restauracii, v posteli",mame macky ale nie su nase a este bracha :),stihla,vyborny,"hnede, trosku do oranzova :)","ako kedy,ale teraz ruzovo-cierne","kucerave,ale stale si ich zehlim","zakladne, , stredoskolske","cervena, ruzova",fajcim pravidelne,"pijem prilezitostne, chaty,diskoteky,atd.",ryby,"niekoho na chatovanie, dobreho priatela, priatelku, no proste teba","nie je nic lepsie, ako byt zamilovany(a)",to skutocne zalezi len na okolnostiach,"niekto, kto mi navari, operie, uprace, zienka domaca...  ale nie :)",slobodny(a),chcem 3 deti,zboznujem ich :),"horory, komedie, romanticke, serialy, rodinne","v kine, doma z gauca, u priatela, priatelky","disko, hitparadovky, house, techno, pop, rap, sladaky","na posteli, vo vani, na dobru noc, v praci, na diskoteke, pri chodzi, kedykolvek a kdekolvek","ist do kina alebo divadla, s kamaratmi do baru, pocuvat dobru hudbu, pozerat dobry film v tv, surfovat na sieti a chatovat",no z kuchyne  mojej mami :)),null,ja na koncerty nechodim,"kolieskove korcule, plavanie",null,kadernicka,necitam knihy,null,null,null,null,null,null,null,null,null,null,null,null,null,null,null,null,,,,,,,,,,,,,,,,,,,
19,21,0,81,0,"zilinsky kraj, cadca",2012-05-25 23:15:00.0,2007-12-31 00:00:00.0,17,"170 cm, 55 kg",null,"nemecky, a tou nasou slovencinou asi taq 50&#37;","malovanie, kolieskove korcule, spanie ,lenosenie,  stanovanie,hmm no a hlavne hem sa ja a iwa nahovorime na posilku eheh, praca s pc, kino, priatelia, nakupovanie, party, kupalisko, pc hry, prace okolo domu, domace prace","pri svieckach s partnerom, v dobrej restauracii, v posteli","mam psa, iwu pozdravujem","chuda, noo taq neak",vyborny,modre,hnede,po plecia,zakladne,"cervena, cierna, modra, oranzova, ruzova, zelena, zlta",nefajcim,pijem prilezitostne,skorpion,niekoho na chatovanie,"nie je nic lepsie, ako byt zamilovany(a)",nedokazem mat s niekym sex bez lasky,"niekto, kto mi navari, operie, uprace, a taqy blazon ako ja",slobodny(a),hmm deti by som do buducnosti cela mat aspon 3 ale adoptovane svoje nechcem,deti mam ale nie moje hehe radsej cudzie pobavim ixixi,"akcne, horory, komedie, romanticke, serialy, sci-fi, rodinne, a taqy ten panelak hehe","v kine, doma z gauca, u priatela, priatelky, a na dvd",vsetko co sa da pocuvat a co mi nelezie na nervy,"na posteli, na dobru noc, pri chodzi, kedykolvek a kdekolvek,no ved a hlavne tu o si vymyslime s iwusku",null,"slovenskej, cinskej, a mojej hehe","<div> <a title=""vstup do klubu"" href=""/klub/su-ludia-na-ktorych-sa-nezabuda"">su ludia na ktorych sa nezabuda =)</a> </div>",null,"basketbal, behanie, hadzana, kolieskove korcule,vybijanaaa","auto-moto sporty, basketbal, behanie, futbal, hokej, lyzovanie, tenis",null,ked mam cas  taq si aj precitam,"<div> <a title=""vstup do klubu"" href=""/klub/jedinecny"">jedinecny</a> </div>",null,null,null,"<div> <a title=""vstup do klubu"" href=""/klub/laska-je-bolest-ale-aj-radost"">laska je bolest ale aj radost....</a> &bull;  <a title=""vstup do klubu"" href=""/klub/laska-je-stastie-zivota"">laska je stastie zivota</a> &bull;  <a title=""vstup do klubu"" href=""/klub/radko-v-nasich-srdciach-budes-zit-navzdy"">radko v nasich srdciach budes zit navzdy !!!!</a> &bull;  <a title=""vstup do klubu"" href=""/klub/ciny-hovoria-viac-ako-len-prazdne-slova"">...ciny hovoria viac ako len prazdne slova...</a> &bull;  <a title=""vstup do klubu"" href=""/klub/laska-dokaze-rozosmiat-ale-aj-ranit"">...laska dokaze rozosmiat:&shy;)...ale aj ranit:(...</a> </div>","<div> <a title=""vstup do klubu"" href=""/klub/umenie-je-rec-srdca"">umenie je rec srdca</a> &bull;  <a title=""vstup do klubu"" href=""/klub/kamarati-navzdy-nikdy-nezabudni-na-to"">kamarati navzdy nikdy nezabudni na to</a> </div>","<div> <a title=""vstup do klubu"" href=""/klub/cely-pokec-napchame-do-tohto-klubu"">cely pokec napchame do tohto klubu!</a> </div>","<div> <a title=""vstup do klubu"" href=""/klub/vsetkyy-baby-sem-budeme-mat-vjac-clenov-ako-chalani"">vsetkyy baby sem !!!(budeme mat vjac clenov ako chalani?)</a> </div>","<div> <a title=""vstup do klubu"" href=""/klub/lajkit-net"">lajkit.net</a> &bull;  <a title=""vstup do klubu"" href=""/klub/iherna-net"">mam rad online hry</a> </div>","<div> <a title=""vstup do klubu"" href=""/klub/milujem-skolu-nenavidim-ucenie"">milujem  skolu nenavidim ucenie !!!</a> </div>","<div> <a title=""vstup do klubu"" href=""/klub/majstrovstva-sveta-v-hokeji-2011-na-slovensku"">majstrovst&shy;va sveta v hokeji 2011 na slovensku</a> &bull;  <a title=""vstup do klubu"" href=""/klub/verime-ze-slovensko-vihra-d"">verime ze slovensko vihra =d</a> </div>",null,null,null,null,"<div> <a title=""vstup do klubu"" href=""/klub/pes-najlepsi-priatel-cloveka"">pes najlepsi priatel cloveka :)</a> &bull;  <a title=""vstup do klubu"" href=""/klub/gratulujem-svojim-rodicom-ze-maju-take-sikovne-dieta-ako-som-ja-d-d"">gratulujem svojim rodicom ze maju take sikovne dieta ako som ja :d:d</a> &bull;  <a title=""vstup do klubu"" href=""/klub/nenavisti-je-ovela-viac-nez-lasky"">nenavisti je ovela viac nez lasky</a> &bull;  <a title=""vstup do klubu"" href=""/klub/jack-russel-eddie"">jack russel - eddie</a> &bull;  <a title=""vstup do klubu"" href=""/klub/chvila-ktora-trva-minutu-je-pre-mna-cely-rok"">chvila ktora trva minutu je pre mna  cely rok</a> &bull;  <a title=""vstup do klubu"" href=""/klub/x-posli-pozvanku-svojim-naj-kamosom-x"">...(x.posl&shy;i pozvanku svojim naj kamosom alebo kamoskam.x&shy;)...</a> </div>",,,,,,,,,,,,,,,,,,,
20,10,1,64,0,"zilinsky kraj, cadca",2012-05-14 21:54:00.0,2005-10-07 00:00:00.0,22,170 cm,null,"anglicky, nemecky, ...rukami, nohami..ale dohovorim sa:)","sportovanie, domace prace, varenie, kino, party, priatelia, stanovanie, ...proste vsetko, pri com sa zabavim...:)","pri telke, pri svieckach s partnerom, v posteli, hlavne v klude a bez stresu...",mam vela domacich zvierat...,priemerna,"vyborny, ...nic mi neunikne:)",hnede,prirodnu si nepamatam...,dlhe,stredne...,"biela, cervena, fialova, modra, oranzova, ruzova, zelena, zlta, asi vsetky pestre farby:)",null,"pijem prilezitostne, ...nemozem zato, ze tie prilezitosti su tak casto:)))",kozorozec,"niekoho na chatovanie, dobreho priatela, priatelku, ....hlavne nech je s nim/nou sranda:)","laska je ako ziletka. ked ju spravne chytis mozes ju mat rad ale staci jediny zly pohyb a jazvy zostanu do konca zivota...    ak niekoho lubis, nechaj ho ist. ak sa vrati, bude tvoj navzdy. ak sa nevrati, nikdy tvoj nebol...",??????????????????????:-),null,stastny...:),...deti mam rada...ale iba ked si ich mozem nachvilu poziciat a potom vratit:)...na vlastne mam este dost casu...:))),null,"akcne, dramy, horory, komedie, romanticke, rodinne, ...","v kine, doma z gauca, u priatela, priatelky","hitparadovky, oldies, sladaky, folk a country, ludovice su moje:d:d","na posteli, na dobru noc, na diskoteke, pri chodzi, kedykolvek a kdekolvek","pocuvat dobru hudbu, pozerat dobry film v tv, surfovat na sieti a chatovat, a podobne...tak kazdy vecer cosi ine","slovenskej, ...velmi rada jem..a v podstate mi je jedno co...:)",null,ja na koncerty nechodim,"basketbal, bedminton, kolieskove korcule",nemam velmi cas na sledovanie sportov...to je tak ked  mam vzdy tolko vybavovaciek:)))))),pyrotechnik...ked ma vidite utekat..skuste ma predbehnut:))),"necitam knihy, naco si kazit zrak.:-)",null,null,null,null,null,null,null,null,null,null,null,null,null,null,null,null,,,,,,,,,,,,,,,,,,,
21,34,1,66,1,"zilinsky kraj, zilina",2012-05-15 09:18:00.0,2007-01-24 00:00:00.0,23,"180 cm, 70 kg, dost haluzne skoro ako mimozemstan  :p",tak to ani nechcite vediet je to ako o zivot,"nemecky, francuzsky, francuzsky ale iba z praxou","sportovanie, praca s pc, pc hry, pocuvanie hudby, pozeranie filmov, kino, priatelia, sex, bojove sporty","pri svieckach s partnerom, v posteli","macka, je to vlastne kocur ale po prdeli haluzak",akurat tak,"vyborny, vydim aj to co iny nevidia","modre, take haluzne","hnede, strapaty ako jezko ked do neho trafi blesk","na jezka, zbieram na nich zasoby na zimku",stredoskolske,modra,fajcim ako tovarensky komin o_o,"pijem prilezitostne, iba na zurkach cize kazdy vykend haha","ryby, skoda ze tak aj neplavam xixi iba sekery",niekoho s kym sa da normalne pokecat,"nie je nic lepsie, ako byt zamilovany(a), je to to najkrajsie co cloveka moze stretnut",nedokazem mat s niekym sex bez lasky,ja uz ju mam a v zivote by som ju nevimenil pretoze je to moja zivotna laska ktoru milujem,null,null,decka su haluzaci a hlavne ti najmensi  ale aj z tymi trochu starsimi sa da zabavit,ja pozeram vsetko co je o niecom,vsade a pri kazdej prilezitosti,"hitparadovky, rap, soundtracky","na dobru noc, na diskoteke","pocuvat dobru hudbu, pozerat dobry film v tv, pri svieckach s partnerom, posediet v bare z chalanmi a tak","slovenskej, cinskej, nase jedlo je aj tak najlepsie aj ked rad mam aj cinu haha",null,null,"futbal, zatial mi to ide","auto-moto sporty, baseball, basketbal, bezkovanie, bojove sporty, futbal, hadzana, hokej, lyzovanie, skateboarding, snowboarding, squash, tenis",ako ojebat ludi o penize,null,null,null,null,null,null,null,"<div> <a title=""vstup do klubu"" href=""/klub/rudinski-notorici"">rudinski notorici</a> </div>",null,null,null,null,null,null,null,null,null,,,,,,,,,,,,,,,,,,,
22,11,1,45,0,"banskobystricky kraj, brezno",2012-05-21 16:31:00.0,2006-11-11 00:00:00.0,22,null,null,"anglinu, trochu neminu a nieco kecnem aj po francuzsky","sportovanie, cestovanie, surfovanie po webe, pocuvanie hudby, pozeranie filmov, kupalisko, kino, party, priatelia",null,brat sa rata? &#43; sesterka :d,null,null,zelenomodre,vacsinou hnede,null,"zus(klavir, spev) a studujem pravo",tyrkysova,nefajcim,null,null,co pride :d,"nie je nic lepsie, ako byt zamilovany(a)",null,vynimocny,slobodny(a),null,v buducnosti chcem mat deti,"fantasy, muzikaly, vojnove, historicke, kasove trhaky, zahadne, mysteriozne",null,skor starsie veci,null,null,"slovenskej, talianskej, greckej, morske zivocichy",null,null,"basketbal, bedminton, lyzovanie, plavanie, a loptove hry",ja sa radsej zapajam,null,hlavne historicke ale vela toho nenacitam...,null,null,null,null,null,null,null,null,null,null,null,null,null,null,null,null,,,,,,,,,,,,,,,,,,,
23,22,0,28,0,"zilinsky kraj, kysucke nove mesto",2012-05-23 14:46:00.0,2007-12-05 00:00:00.0,19,169 cm,null,nemecky,"pocuvanie hudby, tancovanie, diskoteky, jedlo, priatelia, nakupovanie,aj rada spievam pre seba :dd","v posteli,, pri telke",null,null,null,modre,null,null,null,null,null,null,null,"dobreho priatela, priatelku","nie je nic lepsie, ako byt zamilovany(a), tralalaa",nedokazem mat s niekym sex bez lasky,null,null,null,null,null,null,null,null,null,slovenskej a hlavne tej mojej...)),null,null,null,null,null,null,null,null,null,null,null,null,null,null,null,null,null,null,null,null,null,null,,,,,,,,,,,,,,,,,,,
24,47,1,67,0,"zilinsky kraj, kysucke nove mesto",2012-05-25 15:10:00.0,2007-11-11 00:00:00.0,19,"172 cm, 48 kg, mnoo momentaalne mam trosku menej tej mojej vaahy ale to sa pokusim vyrovnat...aspon do konca roka..lebo uz sa ani na seba divat nemozem:dd",studujem,"anglicky, no a samozrejme ten svoj ::dd","cestovanie, pocuvanie hudby, tancovanie, diskoteky, party, priatelia, spanie","pri telke, v dobrej restauracii","pes, macka",chuda,null,hnede,hnede,"kucerave, mooje kucierky..typiicky znak pre mna:ddheh podla nich ma ludia spoznaju siroko daleko:ddxixi",zakladne,"biela, cervena, cierna",nefajcim,pijem prilezitostne,skorpion,"niekoho na chatovanie, dobreho priatela, priatelku","nie je nic lepsie, ako byt zamilovany(a), viem co hovorim.....ked clovek miluje a jemilovany je to stastny clovek ....",null,mojou chybajucou polovickou,slobodny(a),nemam deti ale chcem mat ....aspon zo dve:ddniekedy:ddheh..,null,"akcne, komedie, serialy, muzikaly","doma z gauca, u priatela, priatelky","disko, hitparadovky, house, techno, pop, sladaky, ja hudbu milujem ..v podstate vsetko co sa da pocuvat ....bez nej by som si nevedela predstavit zivot..","na posteli, na dobru noc, s partnerom, na diskoteke, pri chodzi","s kamaratmi do baru, pocuvat dobru hudbu",slovenskej,null,ja na koncerty nechodim,null,"futbal, hokej",stredna skola,romany,null,"<div> <a title=""vstup do klubu"" href=""/klub/katy-pery-dava-nadej-slovakom"">katy pery dava nadej slovakom</a> </div>",null,null,null,null,null,null,null,null,null,null,null,null,null,"<div> <a title=""vstup do klubu"" href=""/klub/povodnee"">povodnee</a> </div>",,,,,,,,,,,,,,,,,,,
25,35,0,55,0,"zilinsky kraj, kysucke nove mesto",2012-05-25 08:53:00.0,2008-09-13 00:00:00.0,21,null,null,"nemecky, aktivnou pasivitou","pozeranie filmov, malovanie, tancovanie, diskoteky, kupalisko, jedlo, kino, priatelia, spanie, nakupovanie, stanovanie",v posteli,sama som :)),priemerna,vyborny,zelene,hnede,dlhe,null,"biela, cervena, cierna, oranzova, zelena, zlta",null,pijem prilezitostne,baran,"dobreho priatela, priatelku, rozky vlozky a ponozky:)",vsetko...a to  jest = vsak vies kto ciciatko a moja brutalna nikita :),null,"laskou mojho zivota, clovek, ktoreho uplne respektujem, absolutne zodpovedny a spolahlivy......uz ho mam :d",uplne zblaznena zloba svojho domaceho milacika,dominicka,deti mam a este by som chcel(a) mat dalsie,"akcne, horory, komedie, romanticke, serialy, zahadne, mysteriozne, muzikaly",doma z gauca s mojkom v &quot;objati&quot; :))),"rock, pop, muzikaly, punk, jazz, sladaky, folklor a ludovky",na posteli,null,slovenskej,"<div> <a title=""vstup do klubu"" href=""/klub/som-cvok"">som cvok</a> </div>",null,null,null,null,necitam knihy,null,null,null,null,null,null,null,null,null,null,null,null,null,null,null,null,,,,,,,,,,,,,,,,,,,
26,12,1,67,1,"banskobystricky kraj, brezno",2012-04-30 16:24:00.0,2005-09-21 00:00:00.0,26,"185 cm, 94 kg, snazim sa na nej pracovat v posilke..",studujem,"anglicky, nemecky","tych je vela, v pripade zaujmu ochotne skonkretizujem :))",vacsinou z taniera,"mam dvoch psikov, bernsky salasnicky a nemecky ovciak..celkom sa maju radi:))",priemerna,vyborny,zelene,cierne,kratke,"bakalarske, uz len paar mesiacov a bude mgr. .","modra, vselijakaaa",fajcim pravidelne ale chcem prestat od noveho roku 20..,pijem prilezitostne,"vahy - , v cinskom byvol","dobreho priatela, priatelku, niekoho na chatovanie","v laske som sa neskutocne sklamal, preto som velmi opatrny.. napriek tomu pre mna ostala velmi dolezita..",nedokazem mat s niekym sex bez lasky,"moj najlepsi priatel , mojou chybajucou polovickou, laskou mojho zivota, clovek, ktoreho uplne respektujem","slobodny, a velmi sklamany ale rozdychal som to uz :)",musia byt :)),"v buducnosti chcem mat deti, ak sa mi podari tak aj 2 xd",z kazdeho rozku trosku.. milujem vojnove filmy a horory.. to je moje.,"to je uplne jedno, najlepsie vsak s kamosmi, ale najradsej s priatelkou :)","..ktora dava navod ako zmenit svet k lepsiemu: madonna vystupila proti vojne v iraku, pink sa neboji busha, bono bojuje za odpustenie dlhu tretieho sveta. sting zachranuje dazdove pralesy a christina aquilera do klipu obsadila transsexualov a homosexualov","kedykolvek, kdekolvek, akokolvek, mam rad skoro kazdy styl..    najvacsi relax je, ked hudbu pocuvam v katedrale alebo v jaskyni. milujem dobru akustiku. (joke) xd",null,"slovenskej, od maminky :)   ale nee, uz som velky..takze z hocijakej..fuu nemam rad huby, drzky, pecienku..inak zjem secko",null,velmi zriedkavo,"milujem vodu, teda aj plavanie..posilka, bike, lyzovanie a tot vsjo.. bohate staci aj ta posilka..","to je nudaaa... ale sem tam si kuknem daaky box a rally, drift ..",null,"napinave, vtipne  a pod.. nemam rad knihy ktore musim citat  :))",null,null,null,null,null,null,null,null,null,null,null,null,null,null,null,null,,,,,,,,,,,,,,,,,,,
27,23,0,50,0,"zahranicie, zahranicie - francuzsko",2012-05-23 19:47:00.0,2007-04-11 00:00:00.0,0,null,null,★  anglicky ★,:d,"★  v kuchyni pri stole, pri telke ★","★  mam psa, mam hlodavce, mam plazy.... a este brata ★",★ priemerna ★,★ vidim to co chcem ★,★  modre ★,null,★ dlhe★,null,"★ zelena,zlta,cervena  ★",null,null,★  skorpion ★,★ zlatu rybku ★,★ganja...★,null,null,"★ slobodny(a), ako vtak ★",null,null,★ komedie ★,"★ v kine, doma z gauca ★",★ ★dnb ★ ★,★  kedykolvek a kdekolvek ★,★ smoke weed ★,"★  slovenskej, vegetarianskej ★",null,null,null,null,null,★ nenavidim ★,"<div> <a title=""vstup do klubu"" href=""/klub/nesnivaj-svoj-zivot-zi-svoj-sen"">►►► nesnivaj svoj zivot, zi svoj sen! :) ◄◄◄</a> </div>",null,null,null,"<div> <a title=""vstup do klubu"" href=""/klub/_-lubim_ta_tak_lub_ma_aj_ty-_"">♥_♥lubim_t&shy;a_tak_lub_&shy;ma_aj_ty♥_&shy;♥</a> </div>",null,null,null,null,null,null,null,null,null,null,null,,,,,,,,,,,,,,,,,,,
28,36,1,64,1,"zilinsky kraj, kysucke nove mesto",2011-11-17 16:23:00.0,2008-02-12 00:00:00.0,28,"179 cm, 70 kg",null,okolo tej neminy to pobehalo,z kazdeho rosku trosku,pri telke,pes,priemerna,null,hnede,hnede,kratke,stredoskolske,modra,nefajcim,pijem prilezitostne,"terenkoza teda,keby niekto nevedel tak kozorozec",uff netusim,dost zlozite nevyjadrujem sa ,to skutocne zalezi len na okolnostiach,no neviem zistim neskor,stastne zenaty tak teraz kecam slobodny,null,"urcite niekedy,len neviem kedy a kolko necham sa prekvapit","akcne, horory, komedie, sci-fi, fantasy, vojnove, historicke","doma z gauca, u priatela, priatelky","disko, house, techno, rap","na posteli, s partnerom, na diskoteke","s kamaratmi do baru, pocuvat dobru hudbu, pozerat dobry film v tv, pri svieckach s partnerom",to jest jedno nevyberam,null,este som neskusal mozno niekedy, aktivne to co je?,"basketbal, futbal, hokej, tenis",null,kniha to som uz niekde pocul da sa to jest?,null,null,null,null,null,null,null,null,null,null,null,null,null,null,null,null,,,,,,,,,,,,,,,,,,,
29,61,1,12,0,"zilinsky kraj, zilina",2012-04-11 23:40:00.0,2009-10-27 00:00:00.0,23,null,null,null,null,null,null,null,null,null,null,null,null,null,null,null,null,null,null,null,null,null,null,null,null,null,null,null,null,null,null,null,null,null,null,null,null,null,null,null,null,null,null,null,null,null,null,null,null,null,null,null,,,,,,,,,,,,,,,,,,,
30,48,1,76,1,"zahranicie, zahranicie - ostatne",2012-05-23 22:27:00.0,2008-03-18 00:00:00.0,0,"197 cm, 75 kg, uvazte samy!:(",studujem,"anglicky, nemecky, slovensky, potichu a nahlas :d","pozeranie filmov, tancovanie, kupalisko, jedlo, party, spanie, turistika, praca s pc, sex, priatelia, diskoteky","pri telke, v dobrej restauracii, v posteli","mam psa, mam plazy, mam zopar zvieratiek ktore chovam vo vlasoch!heh",velka a pekna,zatial si dovidim na nos takze v poho :d,podla toho ale mam sosovky,cierne,kratke,zakladne,"biela, cervena, cierna, modra, zelena, to je jedno!",uz nefajcim,"pijem prilezitostne, cize kazdy den :d",strelec,"niekoho na chatovanie, dobreho priatela, priatelku",v laske vidim zmysel zivota,nedokazem mat s niekym sex bez lasky,mojou chybajucou polovickou,slobodny(a),ninimalne ak ne viac :),v buducnosti chcem mat deti,"akcne, horory, komedie, kasove trhaky","v kine, u priatela, priatelky","disko, hitparadovky, pop, rap, sladaky, country, hip hop","na posteli, s partnerom, na diskoteke,  kedykolvek a kdekolvek","ist do kina alebo divadla, ist do posilnovne, s kamaratmi do baru, pocuvat dobru hudbu, pozerat dobry film v tv, pc hry, surfovat na sieti a chatovat",vsetko co moja mamina navariiii!,"<div> <a title=""vstup do klubu"" href=""/klub/nemam-drobne"">nemam drobne</a> </div>",sem tam sa nieco pritrafi,liest oteckovi na nervy !!!:),"bojove sporty, hokej, lyzovanie, posilnovanie, auto-moto sporty, futbal, korculovanie, plavanie, snowboarding",bytoby kolaudant...:d,"o zabave, hry, humor, moc necitam","<div> <a title=""vstup do klubu"" href=""/klub/live-to-ride-ride-to-live-zij-abys-jezdil-jezdi-abys-zil"">live to ride, ride to live /zij abys jezdil,jezdi abys zil/</a> </div>",null,null,null,null,null,null,null,null,null,"<div> <a title=""vstup do klubu"" href=""/klub/makovsky-hokejista-2011"">makovsky hokejista 2011</a> </div>",null,null,null,null,null,,,,,,,,,,,,,,,,,,,
31,24,1,71,1,"zilinsky kraj, kysucke nove mesto",2012-05-18 20:31:00.0,2007-05-14 00:00:00.0,26,"187 cm, 80 kg",null,"anglicky, nemecky, francuzsky, tieto jazyky viem len tak aby sa nepovedalo:))","cestovanie, praca s pc, pc hry, citanie, pocuvanie hudby, zberatelstvo, malovanie, varenie, kino, stanovanie, chodenie do muzei","v dobrej restauracii, v prirode, alebo aj doma:))",pes,priemerna,"vyborny, kym vidim na cestu pred sebou tak je dobre","modre, ani ja sam pomaly neviem:))",hnede,"kratke, bol som dlhovlasy a uz teraz netrpim?!.","stredoskolske, suv kremnica umelecky stukater",hneda,"fajcim pravidelne, no neviem ci pravidelne a ine tu na vyber nebolo","pijem prilezitostne, furt",panna,a co ja viem co tu vlastne hladam,"nie je nic lepsie, ako byt zamilovany(a)",nedokazem mat s niekym sex bez lasky,mojou chybajucou polovickou,slobodny(a),a mrtve chutia najlepsie dobre po nich smrdy z huby :)),null,"akcne, umelecke, komedie, dokumentarne, fantasy, vojnove, historicke, eroticke","v kine, u priatela, priatelky","pop, metal, jazz, klasicka hudba, opery, oblubene kapely kabat, sonata artica,metalica,nightwish,manowar,iron maiden,heloween,atd.......","na posteli, v aute :)))))","s kamaratmi do baru, pozerat dobry film v tv","slovenskej, cinskej","<div> <a title=""vstup do klubu"" href=""/klub/profesionali"">profesiona&shy;li</a> &bull;  <a title=""vstup do klubu"" href=""/klub/co-si-nepamatam-to-sa-nestalo-1"">co  si nepamatam to sa nestalo:)</a> &bull;  <a title=""vstup do klubu"" href=""/klub/kofolka-mnamm-mnamm"">♥kofolka ♥ mnamm,mnamm☻</a> </div>",null,bicyklovanie,"hokej, ale iba ked su majstrovstva inak je my to ukradnute ",null,"historicke romany, literaturu faktu, literaturu o umeni a architekture","<div> <a title=""vstup do klubu"" href=""/klub/original___je___len___jeden"">original__&shy;_je___len_&shy;__jeden!</a> </div>",null,null,null,"<div> <a title=""vstup do klubu"" href=""/klub/to-co-urobis-je-viac-ako-to-co-len-povies"">to co urobis je viac ako to co len povies...</a> </div>",null,null,null,"<div> <a title=""vstup do klubu"" href=""/klub/windows-7"">windows 7</a> </div>",null,null,null,null,null,null,null,,,,,,,,,,,,,,,,,,,
32,13,1,28,0,"banskobystricky kraj, brezno",2012-03-26 16:40:00.0,2007-10-24 00:00:00.0,0,null,ekonomiky a financii,null,null,null,null,null,nosim kontaktne sosovky,modre,blond,dlhe,vysokoskolske,"biela, hneda, modra, zelena",null,null,ryby,null,null,null,null,null,null,null,null,null,null,null,null,null,null,null,null,null,uctovnik,null,null,null,null,null,null,null,null,null,null,null,null,null,null,null,null,null,,,,,,,,,,,,,,,,,,,
33,37,0,78,1,"zilinsky kraj, kysucke nove mesto",2012-05-25 23:00:00.0,2008-09-17 00:00:00.0,20,190 cm,dopravy,"anglicky, madarsky","pocuvanie hudby, jedlo, spanie,a vsetko co mi len napadne",v posteli,"mam psa, mam rybky, , mam vtacika,potkany,mysi,macky.ovce,kravy,kozy,kone,,zajace,sliepky,morky a jednu svinu",null,vyborny,hnede,hnede,null,stredoskolske,"biela, cervena, cierna, modra, fialova,strieborna",nefajcim,nepijem,"blizenci, mampicista",ktovie co sa tu vykluje,"laska je slovo, laska je pocit, laska je smiech, laska je bozk, laska je vztah, ale ked sa pominie, laska je bolest, laska je plac, laska je strach.",null,null,slobodny(a),este som ich nejedol,v buducnosti chcem mat deti,"akcne, horory, komedie, vojnove","doma,, v kine","disko, house, techno, rap,repete","stale a vsade,bez hudby to proste nejde",co pride,"makrely, ustrice a ine vecierkove dobroty:d","<div> <a title=""vstup do klubu"" href=""/klub/pizza-kto-ma-rad-pizzu-sem"">♥pizza   (kto ma  rad pizzu sem )!!!♥</a> </div>",koncerty mam doma ked sa susedia hadaju,"spanie a jedenie.odhadzovanie snehu...zametanie,vysavanie,umyvanie","hokej, stav paliva v nadrzi","mechanik, zivnostnik, vodic, opravar, robotnik",citam iba faktury z ktorych mam fraktury,"<div> <a title=""vstup do klubu"" href=""/klub/rychle-stroje"">rychle stroje</a> &bull;  <a title=""vstup do klubu"" href=""/klub/kysucania"">kysucania :)</a> </div>","<div> <a title=""vstup do klubu"" href=""/klub/paul-van-dyk"">paul van dyk</a> &bull;  <a title=""vstup do klubu"" href=""/klub/daniel-landa-4"">..daniel landa..</a> &bull;  <a title=""vstup do klubu"" href=""/klub/bass-4ever"">bass 4ever</a> </div>","<div> <a title=""vstup do klubu"" href=""/klub/alfa-romeo-club"">alfa romeo club</a> &bull;  <a title=""vstup do klubu"" href=""/klub/milujem-rychlu-jazdu-a-pocit-slobody"">© milujem rychlu jazdu ,a pocit slobody...</a> &bull;  <a title=""vstup do klubu"" href=""/klub/slovakia-drift"">slovakia drift</a> &bull;  <a title=""vstup do klubu"" href=""/klub/off-road-1"">off road</a> &bull;  <a title=""vstup do klubu"" href=""/klub/autobazar-eu"">autobazar.&shy;eu</a> &bull;  <a title=""vstup do klubu"" href=""/klub/autoobuv-sk"">autoobuv.s&shy;k</a> </div>",null,null,"<div> <a title=""vstup do klubu"" href=""/klub/tuning-mania-mafia"">tuning mania mafia</a> </div>",null,null,null,null,"<div> <a title=""vstup do klubu"" href=""/klub/motorsport"">motorsport&shy;... =*</a> &bull;  <a title=""vstup do klubu"" href=""/klub/moto-cross"">moto-cross</a> </div>","<div> <a title=""vstup do klubu"" href=""/klub/milujem-filmy-d"">milujem filmy =d</a> </div>",null,null,null,"<div> <a title=""vstup do klubu"" href=""/klub/kto-dawa-twojim-peram-usmew-dawa-twojmu-srdcu-ziwot"">ツkto dawa twojim peram usmew,,dawa twojmu srdcu ziwot :)</a> &bull;  <a title=""vstup do klubu"" href=""/klub/milujem-rychle-auta-a-motorky"">milujem rychle auta a motorky</a> </div>",,,,,,,,,,,,,,,,,,,
34,62,1,72,1,"zilinsky kraj, kysucke nove mesto",2012-05-18 12:02:00.0,2005-12-06 00:00:00.0,22,"180 cm, 70 kg","studujem, sos-cadca-tatrovka","nemecky, cesky, slovensky trochu aj madarsky a hlavne ten svoj","sportovanie, fotografovanie, cestovanie, turistika, prace v zahrade, praca s pc, pc hry, surfovanie po webe, pocuvanie hudby, pozeranie filmov, zberatelstvo, chovatelstvo, tancovanie, diskoteky, kupalisko, varenie, jedlo, party, priatelia, spanie, sex","pri telke, pri svieckach s partnerom, v dobrej restauracii, v prirode, v posteli, z partnerovho bruska, pri sexe a na zahrade","nemam ziadne, ale chcem hafanaaaaaa","priemerna, s pivnym bruskom hehehe","nosim okuliare, lebo ich mam rad","hnede, take pritazlive",hnede,"kratke, s kohutikom heh",ucnovske,"cierna, modra",fajcim pravidelne,"pijem prilezitostne, lskoro kazdy vikend mno nie skoro kazdy, ale kazdy hehehe","baran, 16.4.","niekoho na chatovanie, sexualneho partnera, dobreho priatela, priatelku, a niekoho na party","v laske som sa sklamal(a), preto som velmi opatrny(a)","sex mozem mat iba s niekym, koho dobre poznam",pre mna oporou a brzdnym murom,zadany a zatial som rad,"mno asi ziadne, kto sa bude o to starat heh",null,"akcne, horory, komedie, zahadne, mysteriozne, sci-fi, vojnove, historicke, rodinne, eroticke, ale najviac tie komedie a akcne","v kine, doma z gauca, u priatela, priatelky, vsade kde sa to da vyuzit hehe","disko, hitparadovky, house, techno, pop, rap, oldies, soundtracky, folklor a ludovky, ludovky ale myslene tie zmyxovane heh",...,"zhasnut svetla a meditovat, s kamaratmi do baru, pocuvat dobru hudbu, pozerat dobry film v tv, pc hry, pri svieckach s partnerom, na zahrade pri jemnych melodiach hehehe","slovenskej, francuzskej, talianskej, greckej, cinskej, japonskej, mexickej, vegetarianskej, a vsetko made in zahrada","<div> <a title=""vstup do klubu"" href=""/klub/co-si-nepamatam-to-sa-nestalo-1"">co  si nepamatam to sa nestalo:)</a> &bull;  <a title=""vstup do klubu"" href=""/klub/superrr-trida"">superrr trida</a> </div>","ja na koncerty nechodim, skor diskoteky","auto-moto sporty, baseball, hadzana, korculovanie, posilnovanie, snowboarding, tenis, vecsina sportov sa robi u nas na zahrade--alkoholizmus hehe","auto-moto sporty, hadzana, hokej, plavanie, posilnovanie, snowboarding, porno",autoelektrikar,necitam knihy,null,"<div> <a title=""vstup do klubu"" href=""/klub/1girl123"">1girl123</a> &bull;  <a title=""vstup do klubu"" href=""/klub/dddddi"">dddddi</a> </div>",null,null,null,null,null,null,null,null,null,null,null,null,null,null,,,,,,,,,,,,,,,,,,,
35,14,0,41,0,"nitriansky kraj, nitra",2012-05-25 23:19:41.0,2004-12-08 00:00:00.0,0,168 cm,null,null,"na ktore mi momentalne nezostava vela casu : citanie knih, dlhe prechadzky po horach, zbieranie hub, cestovanie - spoznavanie novych krajin, turistika, pripravovanie mnam mnam papanicka ...","urcite nie pri stole.... skor niekde kde sa da byt v roznych polohach teda na gauci, v posteli...",null,null,null,modre,hnede,null,vysokoskolske,"biela, cervena, cierna, fialova, hneda, modra, oranzova, ruzova, zelena, zlta",nefajcim,null,vodnar,niekoho kto popise......,neskutocne vela,"momentalne mam priatela, urcite ho nepodvediem a rozist sa s nim nechystam, no ak by som bola solo nikdy nehovor nikdy",null,slobodny(a),"zatial nie su, ale ak boh da urcite budu najmenej dve.....",null,"komedie, romanticke, dokumentarne, historicke, rodinne",null,null,null,null,mojej :)),null,null,null,null,null,"historicke romany, zivotopisne a pamate, cestopisy",null,null,null,null,null,null,null,null,null,null,null,null,null,null,null,null,,,,,,,,,,,,,,,,,,,
36,49,0,64,1,"zilinsky kraj, kysucke nove mesto",2012-05-23 22:58:00.0,2008-03-04 00:00:00.0,23,"189 cm, 90 kg",gastronomii,nemecky,"domace prace, prace okolo domu, praca s pc, pc hry, pocuvanie hudby, diskoteky, kupalisko, varenie, jedlo, priatelia, spanie, sex","v dobrej restauracii, pri svieckach s partnerom, z partnerovho bruska",mam psa,priemerna,vyborny,hnede,hnede,kratke,stredoskolske,cierna,ako kedy,pijem prilezitostne,baran,null,"v laske vidim zmysel zivota, romanticka laska nie je pre mna, davam prednost realite",to skutocne zalezi len na okolnostiach,"mojou chybajucou polovickou, laskou mojho zivota, moj najlepsi priatel",slobodny(a),null,v buducnosti chcem mat deti,"akcne, horory, sci-fi, vojnove, eroticke",null,"disko, hitparadovky, rock, house, techno, pop","na dobru noc, na diskoteke, pri chodzi",s kamaratmi do baru,to je jedno,"<div> <a title=""vstup do klubu"" href=""/klub/lopusne-pazite-4ever"">lopusne pazite 4ever</a> </div>",null,"futbal, hokej","futbal, hokej",kuchar,null,null,null,null,null,null,null,null,null,null,null,null,null,null,null,null,null,,,,,,,,,,,,,,,,,,,
37,25,1,74,0,"zilinsky kraj, kysucke nove mesto",2012-04-30 19:36:00.0,2008-05-28 00:00:00.0,20,40 kg,studujem,anglicky,"sportovanie, cestovanie, domace prace, pozeranie filmov, tancovanie, kupalisko, party, pocuvanie hudby, diskoteky, varenie","pri telke, pri svieckach s partnerom, v dobrej restauracii",mam psa,chuda,vyborny,modre,blond,"kucerave, dlhe",stredoskolske,"biela, cierna, ruzova, zelena, zlta",null,pijem prilezitostne,lev,"dobreho priatela, priatelku","nie je nic lepsie, ako byt zamilovany(a)",iba koho naozaj milujem,laskou mojho zivota,mam vazny vztah,null,v buducnosti chcem mat deti,"akcne, horory, komedie, romanticke, sci-fi, muzikaly, kasove trhaky, eroticke","doma z gauca, u priatela, priatelky","disko, hitparadovky, rock, sladaky","na posteli, na dobru noc, na diskoteke, pri chodzi, kedykolvek a kdekolvek","s kamaratmi do baru, pocuvat dobru hudbu, pozerat dobry film v tv, pri svieckach s partnerom",slovenskej,"<div> <a title=""vstup do klubu"" href=""/klub/rudina-4ewer"">rudina 4ewer</a> </div>",ja na koncerty nechodim,"futbal, kolieskove korcule, plavanie, tenis","futbal, hokej, korculovanie",null,necitam knihy,null,"<div> <a title=""vstup do klubu"" href=""/klub/h-u-d-b-a-1"">h*-u*-d*-b&shy;*-a</a> </div>",null,null,"<div> <a title=""vstup do klubu"" href=""/klub/to-ze-nepisem-neznamena-ze-nemam-zaujem-ale-cakam-az-napises-ty"">to ze nepisem neznamena ze nemam zaujem ...ale cakam az napises ty...:)</a> &bull;  <a title=""vstup do klubu"" href=""/klub/raz-pochopis-ako-velmi-mi-na-tebe-zalezi-a-co-pre-mna-znamenas-3"">raz pochopis ako velmi mi na tebe zalezi a co pre mna znamenas..&shy;&lt;3</a> &bull;  <a title=""vstup do klubu"" href=""/klub/nie-neznasam-den-ked-som-ta-spoznala-ale-den-ked-som-sa-do-teba-zamilovala"">nie neznasam den ked som ta spoznala ale den ked som sa do teba zamilovala ! :(</a> &bull;  <a title=""vstup do klubu"" href=""/klub/tuzim-po-tom-co-nemozem-mat"">tuzim po tom co nemozem mat! :(</a> &bull;  <a title=""vstup do klubu"" href=""/klub/radsej-mat-par-pravych-ako-milion-falosnych"">*...! radsej mat par pravych ako milion falosnych !...*</a> &bull;  <a title=""vstup do klubu"" href=""/klub/ked-ti-odomna-pride-pozvanka-mam-ta-rada"">ked ti odomna pride pozvanka, mam ta rada :-*</a> &bull;  <a title=""vstup do klubu"" href=""/klub/v-mojom-zivote-som-stretol-osobu-na-ktoru-nikdy-nezabudnem"">v mojom zivote som stretol osobu na ktoru nikdy nezabudnem :)</a> &bull;  <a title=""vstup do klubu"" href=""/klub/nikdy-na-teba-nezabudnem-1"">nikdy na teba nezabudnem&shy;!!!:*((</a> &bull;  <a title=""vstup do klubu"" href=""/klub/never-nemiluj-nedufaj-a-nebudes-nikdy-sklamany-a"">never,nemiluj,nedufaj a nebudes nikdy sklamany/a !</a> &bull;  <a title=""vstup do klubu"" href=""/klub/posielam-ti-pozvanku-preto-lebo-mi-na-tebe-zalezi"">posielam ti pozvanku preto, lebo mi na tebe zalezi :)</a> &bull;  <a title=""vstup do klubu"" href=""/klub/ked-mam-volit-medzi-laskou-a-smrtou-volim-smrt-ta-je-totiz-menej-bolestiva"">ked mam volit medzi laskou a smrtou, volim smrt... ta je totiz menej bolestiva.&shy;..</a> &bull;  <a title=""vstup do klubu"" href=""/klub/pozvi-tu-tych-na-ktorych-ti-zalezi"">pozvi tu tych na ktorych ti zalezi :-*</a> &bull;  <a title=""vstup do klubu"" href=""/klub/ak-niekoho-milujes-nie-je-co-riesit-d"">♥♥ak niekoho milujes nie je co riesit:d♥♥</a> </div>",null,"<div> <a title=""vstup do klubu"" href=""/klub/cely-pokec-napchame-do-tohto-klubu"">cely pokec napchame do tohto klubu!</a> </div>",null,null,null,null,null,null,null,null,"<div> <a title=""vstup do klubu"" href=""/klub/vzdy-kracaj-za-svojim-snom"">„***vzdy kracaj za svojim snom!!***”</a> &bull;  <a title=""vstup do klubu"" href=""/klub/ked-som-sa-narodela-vonku-prsalo-ale-to-nebol-dazd-to-nebo-plakalo-lebo-stratilo-toho-najkrajsieho-anjelika-dposli-daleej"">ked som sa narodela vonku prsalo,ale to nebol dazd to nebo plakalo,lebo stratilo toho najkrajsie&shy;ho anjelika:d&shy;posli daleej</a> </div>",,,,,,,,,,,,,,,,,,,
38,38,0,12,1,"zilinsky kraj, zilina",2012-05-25 22:39:00.0,2008-05-24 00:00:00.0,22,null,null,null,null,null,null,null,null,null,null,null,null,null,null,null,null,null,null,null,null,null,null,null,null,null,null,null,null,null,null,null,null,null,null,null,null,null,null,null,null,null,null,null,null,null,null,null,null,null,null,null,,,,,,,,,,,,,,,,,,,
39,50,0,43,0,"zilinsky kraj, zilina",2012-05-24 18:23:00.0,2007-08-14 00:00:00.0,0,null,polnohospodarstva,anglicky a jasne ze ten svoj,null,null,null,chuda,vyborny,modre,hnede,po plecia,zakladne,podla nalady,null,null,ryby  16.03 chcem darceky :d,null,null,nedokazem mat s niekym sex bez lasky,null,null,null,null,null,null,null,null,null,null,"<div> <a title=""vstup do klubu"" href=""/klub/ked-vonku-prsi-daju-sa-robit-len-dve-veci-a-ja-karty-nehram"">ked vonku prsi, daju sa robit len dve veci... - a ja karty nehram!!</a> </div>",null,null,null,hnojarina :d,null,"<div> <a title=""vstup do klubu"" href=""/klub/som-kto-som"">som kto som</a> &bull;  <a title=""vstup do klubu"" href=""/klub/friends-forever"">friends forever</a> </div>","<div> <a title=""vstup do klubu"" href=""/klub/kelly-rowland"">kelly rowland</a> </div>",null,null,"<div> <a title=""vstup do klubu"" href=""/klub/ked-ti-odomna-pride-pozvanka-mam-ta-rada"">ked ti odomna pride pozvanka, mam ta rada :-*</a> &bull;  <a title=""vstup do klubu"" href=""/klub/chudobny-clovek-nie-je-ten-co-nema-ziadne-hmotne-veci-ale-ten-ktory-nezazil-lasku-to-je-prava-chudoba"">chudobny clovek nie je ten, co nema ziadne hmotne veci, ale ten, ktory nezazil lasku. to je prava chudoba</a> &bull;  <a title=""vstup do klubu"" href=""/klub/love-is"">love is... ♥</a> </div>",null,"<div> <a title=""vstup do klubu"" href=""/klub/upravovanie-foto"">upravovani&shy;e foto ! =)</a> </div>",null,null,"<div> <a title=""vstup do klubu"" href=""/klub/sos-pasnv-zilina"">sos pasnv zilina</a> </div>",null,null,null,null,null,null,,,,,,,,,,,,,,,,,,,
40,63,1,55,0,"zilinsky kraj, kysucke nove mesto",2012-05-25 16:40:00.0,2008-02-14 00:00:00.0,0,"171 cm, 58 kg",terasnepracujem nikde ale mozna ze budem ako casnicka tu v kysuci,"nemecky, ale aj tak ho neviem, jazyky su dvolezite ovladat ale ja ich neviem  tak smola",null,null,null,chuda kedysika  bola  vysportovana  teras  su  us   len  crty,null,"sive, mavam sivo zelene alebo sivo modre   kukni  na  fotkach","cierne, teras prefarbene inac som hnedovlaska  ale teras  vecinov  cierne",dlhe no do pol  chrbta ale chcem mat po zadok,"zakladne, zakladku a ucnovku na maturu sa mi nehcelo ist","biela, cierna, modra, ale hlavne tmave veci to je moje   tmave oblecenie to je coolove","nefajcim, a naco aby som vyhadzovla peniaze alebo fajcila s frajerstva ja to nepotrebujem a ja to ani nikomu nebranim je to kazdeho vola tak ziaden problem:dd ale ja to nechcem","pijem prilezitostne, tak alkohol raz za cas si treba dat to neuskodi ale niaky alkoholik tak to nie v ziadno, pripade alkohol je dobry ajpre zabavu","baran, tvrdohlava ako baran tak to sa ku mne hodi ale som v pohode len troska niekedy zatata ale to nespravi somnov nik nic a narodena som presne 16.04 tak to je o mne",nehladam nikoho,"nie je nic lepsie, ako byt zamilovany(a)",null,"mojou chybajucou polovickou, moj najlepsi priatel, laskou mojho zivota",mam vazny vztah,v buducnosti chcem mat,null,null,null,null,null,null,null,"<div> <a title=""vstup do klubu"" href=""/klub/profesionali"">profesiona&shy;li</a> &bull;  <a title=""vstup do klubu"" href=""/klub/co-si-nepamatam-to-sa-nestalo-1"">co  si nepamatam to sa nestalo:)</a> &bull;  <a title=""vstup do klubu"" href=""/klub/kofolka-mnamm-mnamm"">♥kofolka ♥ mnamm,mnamm☻</a> &bull;  <a title=""vstup do klubu"" href=""/klub/pes-je-najkrajsie-zviretko-d"">pes je najkrajsie  zviretko .d</a> </div>",null,null,null,null,null,"<div> <a title=""vstup do klubu"" href=""/klub/som-kto-som"">som kto som</a> &bull;  <a title=""vstup do klubu"" href=""/klub/s-r-o-swistov-a-swistuliek"">s.r.o-swis&shy;tov a swistuliek</a> &bull;  <a title=""vstup do klubu"" href=""/klub/original___je___len___jeden"">original__&shy;_je___len_&shy;__jeden!</a> &bull;  <a title=""vstup do klubu"" href=""/klub/ciernovlasky-4-ever-blondinky-na-nas-nemaju"">ciernovlas&shy;ky 4 ever! blondinky na nas nemaju!!!</a> </div>","<div> <a title=""vstup do klubu"" href=""/klub/bass-4ever"">bass 4ever</a> &bull;  <a title=""vstup do klubu"" href=""/klub/som-proti-zrusenie-radia-fm"">som proti zruseniu radia fm</a> </div>",null,null,"<div> <a title=""vstup do klubu"" href=""/klub/slzy-ti-nevratia-co-osud-vzal-vratia-len-bolest-smutok-a-zial"">* slzy ti nevratia co osud vzal, vratia len bolest, smutok a zial :´( *</a> &bull;  <a title=""vstup do klubu"" href=""/klub/to-co-urobis-je-viac-ako-to-co-len-povies"">to co urobis je viac ako to co len povies...</a> &bull;  <a title=""vstup do klubu"" href=""/klub/ohen-voda-vietor-zem-laska"">ohen,voda,vietor,zem = laska</a> </div>",null,"<div> <a title=""vstup do klubu"" href=""/klub/cely-pokec-napchame-do-tohto-klubu"">cely pokec napchame do tohto klubu!</a> </div>",null,"<div> <a title=""vstup do klubu"" href=""/klub/facebook-d-1"">facebook:d</a> </div>",null,null,"<div> <a title=""vstup do klubu"" href=""/klub/adam-brody"">adam brody</a> </div>",null,null,null,"<div> <a title=""vstup do klubu"" href=""/klub/gratulujem-svojim-rodicom-ze-maju-take-sikovne-dieta-ako-som-ja-d-d"">gratulujem svojim rodicom ze maju take sikovne dieta ako som ja :d:d</a> &bull;  <a title=""vstup do klubu"" href=""/klub/som-zakonom-chranena"">som zakonom chraneny/a :*-</a> &bull;  <a title=""vstup do klubu"" href=""/klub/laska-je-krv-ktora-se-us-nezmije"">♥ℒℴνℯ laska je krv ktora se us nezmije ℒℴνℯ♥</a> &bull;  <a title=""vstup do klubu"" href=""/klub/najkrajsie-zeny-su-slovenky"">najkrajsie zeny su slovenky</a> </div>",,,,,,,,,,,,,,,,,,,
41,39,0,29,1,"zilinsky kraj, zilina",2012-05-25 22:51:00.0,2007-11-29 00:00:00.0,18,null,null,null,null,null,null,null,null,null,null,null,null,"biela, cierna, cervena, modra, zelena",nenavidim uz len ten dym,uz radsej nie pre vlasnu bezpecnost,levik,"dobreho priatela, priatelku, niekoho na chatovanie, sexualneho partnera, udrzujem vztahy s priatelmi, vaznu znamost :d :d :d :d",strasne vela,null,null,null,null,null,null,domka,co sa mi zapaci pocuvam,ked som sam doma na plne pecky,null,null,null,null,null,null,null,null,null,null,"<div> <a title=""vstup do klubu"" href=""/klub/octavia-tuning-klub"">octavia tuning klub</a> </div>",null,null,null,null,null,null,null,null,null,null,null,null,null,,,,,,,,,,,,,,,,,,,
42,26,0,16,0,"zilinsky kraj, cadca",2012-05-11 22:00:00.0,2007-04-18 00:00:00.0,21,null,null,null,null,null,null,null,null,null,null,null,null,null,null,null,null,null,null,null,null,null,null,null,null,null,null,null,null,null,null,null,null,null,null,null,"<div> <a title=""vstup do klubu"" href=""/klub/radsej-mi-ubliz-pravdou-ako-chran-ma-klamstvom"">radsej mi ubliz pravdou, ako chran ma klamstvom !</a> &bull;  <a title=""vstup do klubu"" href=""/klub/degusters"">degusters</a> </div>",null,null,null,"<div> <a title=""vstup do klubu"" href=""/klub/co-bolo-bolo-ale-co-bude-ma-zaujima"">co bolo, bolo...ale co bude ma zaujima</a> </div>",null,null,null,null,null,null,null,null,null,null,null,,,,,,,,,,,,,,,,,,,
43,76,1,72,1,"zilinsky kraj, bytca",2012-05-25 23:19:42.0,2009-12-25 00:00:00.0,0,"170 cm, 80 kg, pekna",stavebny dozor,nemecky,"pc hry, praca s pc, surfovanie po webe, malovanie, sportovanie","v posteli, z partnerovho bruska","nemam ziadne, mam rybky",priemerna,vyborny,modre,cierne,kratke,"stredoskolske, vysokoskolske",cervena,uz nefajcim,abstinent,panna,uz nic nehladam,"v laske vidim zmysel zivota, nie je nic lepsie, ako byt zamilovany(a)",nedokazem mat s niekym sex bez lasky,"moj najlepsi priatel, mojou chybajucou polovickou, laskou mojho zivota",mam vazny vztah,null,v buducnosti chcem mat deti,rodinne,doma z gauca,"disko, trance, hitparadovky, house, techno",na dobru noc,pri svieckach s partnerom,"slovenskej, talianskej",null,"ja na koncerty nechodim, pravidelne","surfing, tenis, rafting",windsurfing,zivnostnik,necitam knihy,null,null,null,null,null,null,null,null,"<div> <a title=""vstup do klubu"" href=""/klub/pokec"">pokec</a> </div>",null,null,null,null,null,null,"<div> <a title=""vstup do klubu"" href=""/klub/mam-najlepsi-nick-na-pokeci"">mam najlepsi nick na pokeci :))</a> </div>",,,,,,,,,,,,,,,,,,,
44,51,0,66,1,"zilinsky kraj, kysucke nove mesto",2012-05-14 19:25:00.0,2007-06-27 00:00:00.0,21,"175 cm, 86, 5, kto ma uvidi nech ma posudi ja sa nestazujem",horna stbna,podla toho akom som stave,"sportovanie, domace prace, prace okolo domu, surfovanie po webe, pocuvanie hudby, pozeranie filmov, tancovanie, diskoteky, kupalisko, varenie, jedlo, party, priatelia, spanie, nakupovanie, stanovanie","pri telke, pri svieckach s partnerkou, v dobrej restauracii","mam psa, mam pavuka",podla pocasia,vyborny,modrokrvave,sam neviem ked to slnko stale nane svieti,null,nas rodinni stav  zle dopadol tak som aj ja skole zle dopadol co uz.,"biela, cierna, modra, ruzova, zelena, ta  ruzova  sa mi paci iba na svetroch     iba ked  su   pasikove",nefajcim,pijem prilezitostne,kozorozec,"dobreho priatela, priatelku, niekoho na chatovanie,  no necakam ze tu najdem nieaki vztach  ja si mislim ze cez net to je blbost","nie je nic lepsie, ako byt zamilovany(a),  laska  niekedi  to je dobre ale niekedi laska vie aj ublizit","nedokazem mat s niekym sex bez lasky,  mislim ze ta laska bi mala bit    medzi timi ludmi ktori sa maju radi","mojou chybajucou polovickou,  nezalezi ako vizera  ale  hlavna vec ze sa maju radi",null,null,v buducnosti chcem mat deti,"akcne, dramy, horory, komedie, romanticke, dokumentarne, vojnove, rodinne","v kine, u priatela, priatelky","disko, house, techno","na posteli, vo vani, na dobru noc, s partnerom, v praci, na diskoteke, na koncerte, pri sexe, pri chodzi, kedykolvek a kdekolvek,  proste de sa len da hudbu milujem","ist do posilnovne, s kamaratmi do baru, pocuvat dobru hudbu, surfovat na sieti a chatovat",talianskej,null, koncerty su pas,"auto-moto sporty, kolieskove korcule, lyzovanie, posilnovanie,  najradsej mam auta a motorki bez nich nevidrzim","auto-moto sporty, bojove sporty, futbal, hokej, kolieskove korcule, lyzovanie, posilnovanie,   auta ani motorki nevinecham",zeleziar,necitam knihy,null,null,null,null,null,null,null,null,null,null,null,null,null,null,null,null,,,,,,,,,,,,,,,,,,,
45,27,1,72,1,"zilinsky kraj, zilina",2012-05-05 13:17:00.0,2008-08-27 00:00:00.0,23,"pojasena, som spokojny","stavebnictva,makam na streche ako vrabec :))","sexualny, anglicky,slovensky tak trosku :_))","ehe samozrejme ze pocitac, kukanie filmikov ,sport ,cvicenie,prechadzky zo psom a keby bola holka tak aj snou hehe","v kychini pri stole ty karik, alebo pri kompe",mam macky aj psika aj mojho jednookeho hada:)))),vysportovana,vyborny,modre,hnede,"kratsie,dlhsie ale dohola v zivote nikdy!","stredoskolske, aspon dufam ze je","cervena, cierna, modra, jedna macka smradlava:)))","cigy v zivote nikdy,radsej by som si zlomil nohu ako potiahol z cigy","pijem prilezitostne, ked ma chyti taka mensia chut, ale nesmiem to prehanat lebo potom som ako terminator:))","strelec,strasne moc velmi presny tak holky pozor :))",priatelku,laska je pre mna vsetko:)) ratatata,mam ho rad vsak to je jedina vec ktora drzi ludi pri zivote :))) neheheh,normalna baba ktoru by ma lubila:),"slobodny(a), jasne ze slobodny ehe ale uz ma to serka pomaly:))","jasne ze ano,aspon desat malych expertov :))",heh deti mam rad,"akcne, dramy, horory, komedie, serialy, sci-fi, fantasy, vojnove, historicke, rodinne, kasove trhaky, eroticke",doma pri pocitaci alebo  tv,"rock, rap, metal, soundtracky, punk, linkin park to je bomba nad nimi sa nezmoze nikto!","pri chodzi, a pri kompe",pri svieckach s partnerom,cinskej ale slovenska kuchyna to je nadhera :)),null,no chcel by som ist kuknut na linkin park,"behanie, bicyklovanie,bojove sporty","futbal,hokej, rally, a deti co sa hraju na pieskovisku _::))",monter suchych stavieb,ani nepametam kedy som precital knihu ak som vlastne neaku precital,null,null,null,null,null,null,null,null,null,null,"<div> <a title=""vstup do klubu"" href=""/klub/msk-zilina-1910"">msk zilina!</a> </div>",null,null,null,null,null,,,,,,,,,,,,,,,,,,,
46,40,1,22,1,"zilinsky kraj, kysucke nove mesto",2012-05-23 15:54:00.0,2008-03-23 00:00:00.0,0,null,null,null,null,null,null,null,null,hnede,cierne,coja viem,null,"biela, cierna, modra, zelena",uz nefajcim,pijem prilezitostne,null,null,null,null,null,null,null,null,null,null,null,null,null,null,null,null,null,null,null,null,null,null,null,null,null,null,null,null,null,null,null,null,null,null,null,null,,,,,,,,,,,,,,,,,,,
47,64,1,59,1,"zilinsky kraj, kysucke nove mesto",2012-05-21 14:22:00.0,2005-11-05 00:00:00.0,0,"185 cm, 78 kg",stavebnictva,null,"prace okolo domu, pc hry, surfovanie po webe, diskoteky, kupalisko, priatelia, spanie, sex, stanovanie","pri telke, pri svieckach s partnerom, v dobrej restauracii",pes,null,vyborny,hnede,null,kratke,stredoskolske,"cervena, modra",null,null,panna,"dobreho priatela, priatelku, niekoho na chatovanie","nie je nic lepsie, ako byt zamilovany(a)",nedokazem mat s niekym sex bez lasky,"laskou mojho zivota, a mal ma rad",milujem to co mam!!!!!,null,null,"akcne, komedie, dokumentarne, rodinne","doma z gauca, u priatela, priatelky","disko, hitparadovky, sladaky","na dobru noc, s partnerom, v praci, na diskoteke","s kamaratmi do baru, pocuvat dobru hudbu, surfovat na sieti a chatovat, pri svieckach s partnerom",slovenskej,null,ja na koncerty nechodim,"korculovanie, lyzovanie, plavanie","auto-moto sporty, hokej, horolezectvo, paragliding, skateboarding","vodic, vodic,strojnik!",necitam knihy,null,null,null,null,null,null,null,null,null,null,null,null,null,null,null,null,,,,,,,,,,,,,,,,,,,
48,52,0,57,1,"zilinsky kraj, kysucke nove mesto",2012-05-25 21:41:00.0,2007-06-11 00:00:00.0,22,null,"ekonomiky a financii, bavi ma investovat do podielovych a kapitalovych fondoch","anglicky, nemecky","sportovanie, cestovanie, surfovanie po webe, pocuvanie hudby, pozeranie filmov, kino, priatelia, spanie, stanovanie",null,"nemam ziadne, najlepsie su aj tak na taniery",null,vyborny,hnede,null,null,null,modra,nefajcim,pijem prilezitostne,ryby,"dobreho priatela, priatelku, niekoho na chatovanie","nie je nic lepsie, ako byt zamilovany(a)",to skutocne zalezi len na okolnostiach,moj najlepsi priatel,slobodny(a),null,hadam,"akcne, horory, zahadne, mysteriozne, vojnove, kasove trhaky, vsetko co ma zaujme","v kine, doma z gauca, u priatela, priatelky","disko, hitparadovky, pop, sladaky",na dobru noc,"ist do kina alebo divadla, s kamaratmi do baru, pocuvat dobru hudbu, pozerat dobry film v tv, pri svieckach s partnerom",to je jedno ked je zadarmo nech aj cereva potrha,null,neni casu,"auto-moto sporty, futbal, hokej, tenis, aj lyzovanie len newem brzdit","futbal, hokej, tenis",null,newiem citat :d,null,null,null,null,null,null,null,null,null,null,null,null,null,null,null,null,,,,,,,,,,,,,,,,,,,
49,41,1,69,1,"zilinsky kraj, zilina",2012-05-13 21:52:00.0,2008-03-04 00:00:00.0,16,"145 cm, 36 kg",null,nemecky,"cestovanie, prace okolo domu, praca s pc, pc hry, surfovanie po webe, pozeranie filmov, diskoteky, kupalisko, kino, party, priatelia",pri telke,macka,chuda,vyborny,zelene,hnede,kratke,zakladne,"cervena, cierna, hneda",nefajcim,pijem prilezitostne,ryby,"dobreho priatela, priatelku",este som nikdy nebol(a) zamilovany(a),nedokazem mat s niekym sex bez lasky,laskou mojho zivota,slobodny(a),asi 2,null,"akcne, horory, komedie, historicke",doma z gauca,"disko, rock, house, techno, rap","na posteli, s partnerom, na diskoteke, pri chodzi, kedykolvek a kdekolvek","pozerat dobry film v tv, pri svieckach s partnerom",slovenskej,null,null,"auto-moto sporty, behanie, futbal, plavanie","aerobik, auto-moto sporty, futbal, hokej",zakladna skola,"o zabave, hry, humor",null,null,null,null,"<div> <a title=""vstup do klubu"" href=""/klub/ked-ti-odomna-pride-pozvanka-mam-ta-rada"">ked ti odomna pride pozvanka, mam ta rada :-*</a> </div>",null,"<div> <a title=""vstup do klubu"" href=""/klub/cely-pokec-napchame-do-tohto-klubu"">cely pokec napchame do tohto klubu!</a> </div>",null,null,null,null,null,null,null,null,null,,,,,,,,,,,,,,,,,,,
50,28,1,71,1,"zilinsky kraj, cadca",2012-04-17 21:54:00.0,2007-02-14 00:00:00.0,19,193 cm,"elektrotechniky, studujem, vypoctovej techniky","anglicky trocha ale ovaldam aj slovencinu,cestinu","cestovanie, turistika, praca s pc, pc hry, surfovanie po webe, pocuvanie hudby, diskoteky, varenie, jedlo, kino, priatelia, spanie, stanovanie","pri telke, pri svieckach s partnerom, v dobrej restauracii, v prirode",mam psa,velka a pekna,nosim okuliare ale len obacas,modre,"hnede, cierne",kratke,zakladne,"biela, cervena, modra, oranzova, zlta, vsetky su pekne",nefajcim,abstinent,kozorozec,null,v laske vidim zmysel zivota neni nic krajsie ako mat nikoho rad a este krajsie je vediet ze ten koho mas rad ta ma rovnako rad!,nedokazem mat s nikym okrem svojej lasky,mojou chybajucou polovickou!,mam vazny vztah,null,v dobuducna chem mat deti to urcite chlapca &amp; dievca :-d,"akcne, dramy, horory, komedie, dokumentarne, sci-fi, fantasy, vojnove, historicke, rodinne, kasove trhaky, zahadne, mysteriozne","v kine, doma z gauca, u priatela, priatelky","disko, hitparadovky, hip-hop, sladaky, ludovky, skoro vsetko oklem punk atd.",kedykolvek a kdekolvek,"ist do kina alebo divadla, nieco dobre uvarit, ist na koncert, pocuvat dobru hudbu, pozerat dobry film v tv, surfovat na sieti a chatovat, pri svieckach s partnerom",ziem skoro vsetko,null,hip-hop ale iba zriedkavo,"auto-moto sporty, hokej, lyzovanie, posilnovanie, tenis, hokejbal, florbal, a novodobo uz aj plavanie (koli zraneniu som vynechal vsetky sporty!!!!! uz len posilnovanie)","auto-moto sporty, hokej, lyzovanie, wrestling","programator, strojnik, konstrukter, mechanik, operator",no tak ale obcas si nieco precitam,null,null,null,null,"<div> <a title=""vstup do klubu"" href=""/klub/to-co-urobis-je-viac-ako-to-co-len-povies"">to co urobis je viac ako to co len povies...</a> &bull;  <a title=""vstup do klubu"" href=""/klub/s-bohom-je-vsetko-mozne"">s bohom je vsetko mozne :-)</a> </div>",null,null,null,null,null,"<div> <a title=""vstup do klubu"" href=""/klub/majstrovstva-sveta-v-hokeji-2011-na-slovensku"">majstrovst&shy;va sveta v hokeji 2011 na slovensku</a> </div>",null,null,null,null,null,,,,,,,,,,,,,,,,,,,